PE ID,Instructions Executed,Responses Received,Bytes Sent,Wait Time (sec),Execution Time (sec)
1,3,12,106,1.80182,5.4224
2,3,12,106,0.646138,6.62469
3,3,12,106,0.753145,9.03495
4,3,12,106,1.07782,13.8463
5,3,12,106,4.21999,12.6441
6,3,12,106,2.69763,15.0458
7,3,12,106,1.12496,10.2354
8,3,12,106,1.58035,4.22034
9,3,12,106,0.998543,7.82842
10,3,12,106,1.06456,11.4408
