PE ID,Instructions Executed,Responses Received,Bytes Sent,Wait Time (sec),Execution Time (sec)
1,3,12,106,0.0823185,4.20431
2,3,12,106,0.797067,9.01712
3,3,12,106,0.412161,7.81555
4,3,12,106,0.321995,6.61218
5,3,12,106,0.78555,5.40688
6,3,12,106,0.377713,15.0198
7,3,12,106,0.411778,13.8195
8,3,12,106,0.394627,12.6193
9,3,12,106,0.592042,11.4188
10,3,12,106,0.405959,10.2173
