PE ID,Instructions Executed,Responses Received,Bytes Sent,Wait Time (sec),Execution Time (sec)
1,3,12,106,0.446372,13.4626
2,3,12,106,0.831302,35.2862
3,3,12,106,0.566623,32.8178
4,3,12,106,0.790418,31.2456
5,3,12,106,1.04307,28.0654
6,3,12,106,0.785895,26.575
7,3,12,106,0.462907,23.5375
8,3,12,106,0.514587,22.0241
9,3,12,106,0.751916,17.0716
10,3,12,106,0.643524,15.868
