PE ID,Instructions Executed,Responses Received,Bytes Sent,Wait Time (sec),Execution Time (sec)
1,9,34,337,3.68293,43.2777
2,8,33,323,4.33643,40.3932
3,10,35,360,5.05425,51.5851
4,9,35,440,3.72575,50.4446
5,8,33,340,9.52576,43.2759
6,7,33,243,4.98557,40.1484
7,10,35,392,4.70037,51.5871
8,10,35,484,5.58022,50.5808
9,10,35,436,7.25388,51.5866
10,10,35,418,2.64363,51.4502
